Token,Length,Frequency
dan,3,73
yang,4,39
berhak,6,31
orang,5,29
kepada,6,28
adalah,6,27
atau,4,26
hak,3,25
Perkara,7,25
Setiap,6,24
kebebasan,9,16
di,2,15
dalam,5,14
manusia,7,14
sama,4,14
secara,6,14
dengan,6,13
negara,6,12
terhadap,8,12
sebarang,8,12
boleh,5,12
ini,3,11
oleh,4,10
rata,4,10
bagi,4,10
pun,3,10
Tiada,5,9
serta,5,9
asasi,5,9
undang-undang,13,8
sesiapa,7,8
perlindungan,12,8
telah,5,7
lain,4,7
suatu,5,7
bebas,5,7
melalui,7,7
tanpa,5,7
hendaklah,9,7
daripada,8,6
Bahawasanya,11,6
sosial,6,6
pembezaan,9,6
mana,4,6
Bangsa,6,6
tindakan,8,5
tidak,5,5
sebagai,7,5
kesalahan,9,5
agama,5,5
umat,4,4
untuk,5,4
sisi,4,4
seluruh,7,4
wenangnya,9,4
Perisytiharan,13,4
masa,4,4
politik,7,4
diri,4,4
masyarakat,10,4
dikenakan,9,4
antarabangsa,12,4
keadaan,7,4
kemuliaan,9,4
negaranya,9,4
taraf,5,4
perkembangan,12,3
gangguan,8,3
rakyat,6,3
hukuman,7,3
adil,4,3
lebih,5,3
atas,4,3
ke,2,3
wilayah,7,3
harta,5,3
memajukan,9,3
pematuhan,9,3
Negara,6,3
keseksaan,9,3
apa-apa,7,3
perlu,5,3
menjadi,7,3
perasaan,8,3
tujuan,6,3
sejagat,7,3
termasuklah,11,3
masing-masing,13,3
dari,4,3
sepenuhnya,10,3
sewenang,8,3
Bersatu,7,3
Semua,5,3
pada,4,3
hati,4,3
bidang,6,3
terbuka,7,3
antara,6,3
bangsa,6,3
tribunal,8,3
sumber,6,2
wakil,5,2
kepercayaan,11,2
asas,4,2
ianya,5,2
bekerja,7,2
kebangsaan,10,2
kenyataan,9,2
mana-mana,9,2
fahaman,7,2
prinsip,7,2
keluarga,8,2
mereka,6,2
kuasa,5,2
pengajaran,10,2
berkesan,8,2
mengira,7,2
setiap,6,2
bawah,5,2
perempuan,9,2
kerjasama,9,2
kepercayaannya,14,2
jua,3,2
perkahwinan,11,2
bersama,7,2
berkahwin,9,2
semua,5,2
anggota,7,2
perkhidmatan,12,2
pendapat,8,2
sendiri,7,2
pekerjaan,9,2
satu,4,2
berkala,7,2
keselamatan,11,2
pengangguran,12,2
dilakukan,9,2
sempadan,8,2
dilucutkan,10,2
dunia,5,2
keluarganya,11,2
termasuk,8,2
berfaedah,9,2
melanggar,9,2
itu,3,2
ketika,6,2
diadakan,8,2
dibuktikan,10,2
benar,5,2
kerajaan,8,2
menukar,7,2
salah,5,2
kewarganegaraan,15,2
kedaulatan,10,2
sesebuah,8,2
penting,7,2
Mereka,6,2
hidup,5,2
bersendirian,12,2
ahli,4,2
menikmati,9,2
lainnya,7,2
percerobohan,12,2
menubuhkan,10,2
baginya,7,2
pihak,5,2
fikiran,7,2
menjadikan,10,2
sedemikian,10,2
langkah,7,2
menurut,7,2
semula,6,2
pengiktirafan,13,2
ketara,6,1
bergaji,7,1
Perkahwinan,11,1
seluruhnya,10,1
berperingkat,12,1
sempurna,8,1
jaminan,7,1
bahagian,8,1
SEJAGAT,7,1
berasaskan,10,1
dituntut,8,1
mahu,4,1
lagi,4,1
supaya,6,1
rehat,5,1
penindasan,10,1
kewarganegaraanya,17,1
warna,5,1
kebudayaan,10,1
pendakwaan,10,1
pengabaian,10,1
baiknya,7,1
jenayah,7,1
kedua,5,1
kulit,5,1
Keluarga,8,1
keadilan,8,1
mengeluarkan,12,1
badan,5,1
diperhamba,10,1
perhubungan,11,1
menyuratnya,11,1
kebajikan,9,1
semangat,8,1
hasutan,7,1
luas,4,1
munasabah,9,1
citarasa,8,1
termesti,8,1
terpenting,10,1
dipilih,7,1
kembali,7,1
keabdian,8,1
Lelaki,6,1
dituduh,7,1
individu,8,1
ikrar,5,1
pemulihan,9,1
pemilihan,9,1
dagangan,8,1
menganuti,9,1
memberontak,11,1
diberikannya,12,1
memadai,7,1
suasana,7,1
penggajian,10,1
senantiasa,10,1
negeri,6,1
bertentangan,12,1
kehormatan,10,1
sesuai,6,1
media,5,1
mencapai,8,1
Piagamnya,9,1
mengambil,9,1
pakaian,7,1
jika,4,1
tangkapan,9,1
insan,5,1
faham,5,1
menyebarkan,11,1
MAKA,4,1
pembuangan,10,1
sekerja,7,1
ketinggalan,11,1
penetapan,9,1
seksaan,7,1
dewasa,6,1
keazaman,8,1
kehidupan,9,1
keturunan,9,1
berfikir,8,1
cuti,4,1
teragung,8,1
memegang,8,1
bertindak,9,1
sejati,6,1
HAK,3,1
diperabdikan,12,1
Seterusnya,10,1
perbicaraan,11,1
perlembagaan,12,1
mendorong,9,1
akan,4,1
dilaksanakan,12,1
sulit,5,1
ASASI,5,1
berhubung,9,1
dilarang,8,1
menghinakan,11,1
munculnya,9,1
kumpulan,8,1
termaktub,9,1
peluang,7,1
Hak,3,1
saksama,7,1
kesihatan,9,1
agung,5,1
abdi,4,1
PERISYTIHARAN,13,1
sejagatnya,10,1
buat,4,1
pembicaraan,11,1
aniaya,6,1
menganut,8,1
lapang,6,1
seseorang,9,1
berikrar,8,1
jadi,4,1
usul,4,1
pencapaian,10,1
aman,4,1
kelahiran,9,1
persetujuan,11,1
persatuan,9,1
pengkitirafan,13,1
zalim,5,1
pengawasan,10,1
dipaksa,7,1
pendidikan,10,1
nyawa,5,1
tuduhan,7,1
menuntut,8,1
tangga,6,1
persahabatan,12,1
Anggota,7,1
pembubarannya,13,1
maka,4,1
menubuh,7,1
pembelaannya,12,1
berkongsi,9,1
kewarganegaraannya,18,1
sekali,6,1
benda,5,1
berperikemanusiaan,18,1
acara,5,1
sekatan,7,1
jantina,7,1
Perhimpunan,11,1
kesatuan,8,1
apa,3,1
tiada,5,1
DENGAN,6,1
hamba,5,1
tahanan,7,1
keperibadiannya,15,1
kemahuan,8,1
meninggalkan,12,1
dipertahankan,13,1
berlakunya,10,1
pengutaraan,11,1
berhimpun,9,1
bergerak,8,1
keutuhan,8,1
terpisah,8,1
terakhir,8,1
diisytiharkan,13,1
sanjungan,9,1
maruah,6,1
pembayaran,10,1
pemikiran,9,1
kompeten,8,1
ketidakupayaan,14,1
seorang,7,1
datangnya,9,1
Sekiranya,9,1
organisasi,10,1
diberikan,9,1
langsung,8,1
undi,4,1
layanan,7,1
bahasa,6,1
aspirasi,8,1
seperti,7,1
ukuran,6,1
lelaki,6,1
surat,5,1
awam,4,1
menj,4,1
dibuat,6,1
asal,4,1
mempunyai,9,1
Kemahuan,8,1
terpakai,8,1
bukan,5,1
saraan,6,1
merupakan,9,1
rumah,5,1
pengundian,10,1
ekonomi,7,1
dilahirkan,10,1
memastikan,10,1
timbul,6,1
pula,4,1
batasan,7,1
kita,4,1
maklumat,8,1
memiliki,8,1
segi,4,1
takut,5,1
merdeka,7,1
samada,6,1
kemuliaannya,12,1
nilai,5,1
bersendiri,10,1
bercadang,9,1
bersalah,8,1
bersama-sama,12,1
pekerjaannya,12,1
menentang,9,1
kesiksaan,9,1
ditambah,8,1
perumahan,9,1
dia,3,1
kesemua,7,1
hanya,5,1
segala,6,1
penghinaan,10,1
mengisytiharkan,15,1
berucap,7,1
pemujaan,8,1
buah,4,1
tanggungannya,13,1
pilihanraya,11,1
peringkat,9,1
perubatan,9,1
menjaminkan,11,1
berat,5,1
tempoh,6,1
MUKADIMAH,9,1
pertubuhan,10,1
memohon,7,1
cara-cara,9,1
demi,4,1
rasa,4,1
berada,6,1
dinafikan,9,1
duanya,6,1
kepentingan,11,1
dianggap,8,1
unit,4,1
kepentingannya,14,1
kerana,6,1
kerja,5,1
kedamaian,9,1
amalan,6,1
peribadi,8,1
terkutuk,8,1
diputuskan,10,1
kesakitan,9,1
persaudaraan,12,1
menegaskan,10,1
memperlindungkan,16,1
terdesak,8,1
pilihan,7,1
mengingati,10,1
usaha,5,1
tak,3,1
terhadapnya,11,1
mengakibatkan,13,1
sewenag,7,1
bermastautin,12,1
bendanya,8,1
menetapkan,10,1
menerima,8,1
kezaliman,9,1
berazam,7,1
pemerintahan,12,1
MANUSIA,7,1
ataupun,7,1
beramanah,9,1
INI,3,1
kewibawaan,10,1
sehingga,8,1
melanggari,10,1
nama,4,1
makanan,7,1
sebuah,6,1
bentuknya,9,1
